Workbook

Sheet 🥊 Fighters Database
A1: 🏆 UFC STANCE INTELLIGENCE REPORT • RIGHT-HANDED SOUTHPAW EDITION
A2: # | B2: Fighter Name | C2: Country | D2: Continent | F2: Hand | G2: Wins | H2: Losses | I2: Total Fights | J2: Win Rate %
A3: 1 | B3: Jon Jones | C3: USA | D3: North America | E3: Orthodox | F3: Right | G3: 27 | H3: 1 | I3: =G3+H3 -> 28 | J3: =IF(I3>0,G3/I3*100,0) -> 96.428571
A4: 2 | B4: Stipe Miocic | C4: USA | D4: North America | E4: Orthodox | F4: Right | G4: 20 | H4: 4 | I4: =G4+H4 -> 24 | J4: =IF(I4>0,G4/I4*100,0) -> 83.333333
A5: 3 | B5: Daniel Cormier | C5: USA | D5: North America | E5: Orthodox | F5: Right | G5: 22 | H5: 3 | I5: =G5+H5 -> 25 | J5: =IF(I5>0,G5/I5*100,0) -> 88
A6: 4 | B6: Nate Diaz | C6: USA | D6: North America | E6: Southpaw | F6: Left | G6: 21 | H6: 13 | I6: =G6+H6 -> 34 | J6: =IF(I6>0,G6/I6*100,0) -> 61.764706
A7: 5 | B7: Tony Ferguson | C7: USA | D7: North America | E7: Orthodox | F7: Right | G7: 25 | H7: 8 | I7: =G7+H7 -> 33 | J7: =IF(I7>0,G7/I7*100,0) -> 75.757576
A8: 6 | B8: Colby Covington | C8: USA | D8: North America | E8: Orthodox | F8: Right | G8: 17 | H8: 4 | I8: =G8+H8 -> 21 | J8: =IF(I8>0,G8/I8*100,0) -> 80.952381
A9: 7 | B9: Tyron Woodley | C9: USA | D9: North America | E9: Orthodox | F9: Right | G9: 19 | H9: 7 | I9: =G9+H9 -> 26 | J9: =IF(I9>0,G9/I9*100,0) -> 73.076923
A10: 8 | B10: Justin Gaethje | C10: USA | D10: North America | E10: Orthodox | F10: Right | G10: 25 | H10: 4 | I10: =G10+H10 -> 29 | J10: =IF(I10>0,G10/I10*100,0) -> 86.206897
A11: 9 | B11: Max Holloway | C11: USA | D11: North America | E11: Orthodox | F11: Right | G11: 25 | H11: 7 | I11: =G11+H11 -> 32 | J11: =IF(I11>0,G11/I11*100,0) -> 78.125
A12: 10 | B12: Dustin Poirier | C12: USA | D12: North America | E12: Southpaw | F12: Right | G12: 29 | H12: 8 | I12: =G12+H12 -> 37 | J12: =IF(I12>0,G12/I12*100,0) -> 78.378378
A13: 11 | B13: Sean O'Malley | C13: USA | D13: North America | E13: Southpaw | F13: Right | G13: 17 | H13: 1 | I13: =G13+H13 -> 18 | J13: =IF(I13>0,G13/I13*100,0) -> 94.444444
A14: 12 | B14: Kamaru Usman | C14: USA | D14: North America | E14: Orthodox | F14: Right | G14: 20 | H14: 3 | I14: =G14+H14 -> 23 | J14: =IF(I14>0,G14/I14*100,0) -> 86.956522
... A119: 117 | B119: Tarec Saffiedine | C119: Belgium | D119: Europe | E119: Orthodox | F119: Right | G119: 17 | H119: 8 | I119: =G119+H119 -> 25 | J119: =IF(I119>0,G119/I119*100,0) -> 68

Sheet 📊 Pivot — Stance Analysis
B1: 📊 STANCE ANALYSIS — SUMMARY STATISTICS
B3: ▶ PIVOT TABLE 1 — GROUP PERFORMANCE COMPARISON
B4: Group | C4: Fighters (N) | D4: % of Dataset | E4: Mean Win % | F4: Median Win % | G4: Std Dev
B5: Orthodox + Right-handed ⚡ | C5: =COUNTIFS('🥊 Fighters Database'!E3:E119,"Orthodox",'🥊 Fighters Database'!F3:F119,"Right") -> 89 | D5: =IF(C5>0,C5/117,0) -> 0.76068376 | E5: =IF(C5=0,0,AVERAGEIFS('🥊 Fighters Database'!J3:J119,'🥊 Fighters Database'!E3:E119,"Orthodox",'🥊 Fighters Database'!F3:F119,"Right")) -> 78.20476 | F5: =IF(C5=0,0,AVERAGEIFS('🥊 Fighters Database'!J3:J119,'🥊 Fighters Database'!E3:E119,"Orthodox",'🥊 Fighters Database'!F3:F119,"Right")) -> 78.20476 | G5: =IF(C5<=1,"N/A",SQRT(SUMPRODUCT(('🥊 Fighters Database'!E3:E119="Orthodox")*('🥊 Fighters Database'!F3:F119="Right")*('🥊 Fighters Database'!J3:J119-E5)^2)/C5)) -> 9.6406371
B6: Southpaw + Left-handed 🥊 | C6: =COUNTIFS('🥊 Fighters Database'!E3:E119,"Southpaw",'🥊 Fighters Database'!F3:F119,"Left") -> 15 | D6: =IF(C6>0,C6/117,0) -> 0.12820513 | E6: =IF(C6=0,0,AVERAGEIFS('🥊 Fighters Database'!J3:J119,'🥊 Fighters Database'!E3:E119,"Southpaw",'🥊 Fighters Database'!F3:F119,"Left")) -> 77.127908 | F6: =IF(C6=0,0,AVERAGEIFS('🥊 Fighters Database'!J3:J119,'🥊 Fighters Database'!E3:E119,"Southpaw",'🥊 Fighters Database'!F3:F119,"Left")) -> 77.127908 | G6: =IF(C6<=1,"N/A",SQRT(SUMPRODUCT(('🥊 Fighters Database'!E3:E119="Southpaw")*('🥊 Fighters Database'!F3:F119="Left")*('🥊 Fighters Database'!J3:J119-E6)^2)/C6)) -> 10.524359
B7: Southpaw + Right-handed ⭐ | C7: =COUNTIFS('🥊 Fighters Database'!E3:E119,"Southpaw",'🥊 Fighters Database'!F3:F119,"Right") -> 13 | D7: =IF(C7>0,C7/117,0) -> 0.11111111 | E7: =IF(C7=0,0,AVERAGEIFS('🥊 Fighters Database'!J3:J119,'🥊 Fighters Database'!E3:E119,"Southpaw",'🥊 Fighters Database'!F3:F119,"Right")) -> 77.92165 | F7: =IF(C7=0,0,AVERAGEIFS('🥊 Fighters Database'!J3:J119,'🥊 Fighters Database'!E3:E119,"Southpaw",'🥊 Fighters Database'!F3:F119,"Right")) -> 77.92165 | G7: =IF(C7<=1,"N/A",SQRT(SUMPRODUCT(('🥊 Fighters Database'!E3:E119="Southpaw")*('🥊 Fighters Database'!F3:F119="Right")*('🥊 Fighters Database'!J3:J119-E7)^2)/C7)) -> 8.0107033
B8: Orthodox + Left-handed | C8: =COUNTIFS('🥊 Fighters Database'!E3:E119,"Orthodox",'🥊 Fighters Database'!F3:F119,"Left") -> 0 | D8: =IF(C8>0,C8/117,0) -> 0 | E8: =IF(C8=0,0,AVERAGEIFS('🥊 Fighters Database'!J3:J119,'🥊 Fighters Database'!E3:E119,"Orthodox",'🥊 Fighters Database'!F3:F119,"Left")) -> 0 | F8: =IF(C8=0,0,AVERAGEIFS('🥊 Fighters Database'!J3:J119,'🥊 Fighters Database'!E3:E119,"Orthodox",'🥊 Fighters Database'!F3:F119,"Left")) -> 0 | G8: =IF(C8<=1,"N/A",SQRT(SUMPRODUCT(('🥊 Fighters Database'!E3:E119="Orthodox")*('🥊 Fighters Database'!F3:F119="Left")*('🥊 Fighters Database'!J3:J119-E8)^2)/C8)) -> N/A
B11: ▶ PIVOT TABLE 2 — ORTHODOX vs SOUTHPAW OVERALL
B12: Stance | C12: Fighters | D12: % Share | E12: Mean Win % | F12: Total Wins | G12: Avg Losses
B13: Orthodox | C13: =COUNTIF('🥊 Fighters Database'!E3:E119,"Orthodox") -> 89 | D13: =C13/117 -> 0.76068376 | E13: =AVERAGEIF('🥊 Fighters Database'!E3:E119,"Orthodox",'🥊 Fighters Database'!J3:J119) -> 78.20476 | F13: =SUMIF('🥊 Fighters Database'!E3:E119,"Orthodox",'🥊 Fighters Database'!G3:G119) -> 2126 | G13: =AVERAGEIF('🥊 Fighters Database'!E3:E119,"Orthodox",'🥊 Fighters Database'!H3:H119) -> 7.3932584
B14: Southpaw | C14: =COUNTIF('🥊 Fighters Database'!E3:E119,"Southpaw") -> 28 | D14: =C14/117 -> 0.23931624 | E14: =AVERAGEIF('🥊 Fighters Database'!E3:E119,"Southpaw",'🥊 Fighters Database'!J3:J119) -> 77.496431 | F14: =SUMIF('🥊 Fighters Database'!E3:E119,"Southpaw",'🥊 Fighters Database'!G3:G119) -> 628 | G14: =AVERAGEIF('🥊 Fighters Database'!E3:E119,"Southpaw",'🥊 Fighters Database'!H3:H119) -> 6.7857143
B17: ▶ PIVOT TABLE 3 — HANDEDNESS BREAKDOWN
B18: Hand | C18: Fighters | D18: % Share | E18: Avg Win % | F18: Total Wins
B19: Right | C19: =COUNTIF('🥊 Fighters Database'!F3:F119,"Right") -> 102 | D19: =C19/117 -> 0.87179487 | E19: =AVERAGEIF('🥊 Fighters Database'!F3:F119,"Right",'🥊 Fighters Database'!J3:J119) -> 78.168678 | F19: =SUMIF('🥊 Fighters Database'!F3:F119,"Right",'🥊 Fighters Database'!G3:G119) -> 2378
B20: Left | C20: =COUNTIF('🥊 Fighters Database'!F3:F119,"Left") -> 15 | D20: =C20/117 -> 0.12820513 | E20: =AVERAGEIF('🥊 Fighters Database'!F3:F119,"Left",'🥊 Fighters Database'!J3:J119) -> 77.127908 | F20: =SUMIF('🥊 Fighters Database'!F3:F119,"Left",'🥊 Fighters Database'!G3:G119) -> 376

Sheet 🌍 Country Analysis
B1: 🌍 COUNTRY & CONTINENT BREAKDOWN
B3: Country | C3: Continent | D3: Fighters | E3: Total Wins | F3: Avg Win % | H3: CONTINENT SUMMARY (VLOOKUP Demo)
B4: USA | C4: North America | D4: 43 | E4: 967 | F4: =IFERROR(E4/D4,0) -> 22.488372 | H4: North America | I4: =SUMIF(C$4:C$31,H4,D$4:D$31) -> 49 | J4: =IFERROR(AVERAGEIF(C$4:C$31,H4,F$4:F$31),0) -> 21.079457
B5: Brazil | C5: South America | D5: 16 | E5: 425 | F5: =IFERROR(E5/D5,0) -> 26.5625 | H5: Europe | I5: =SUMIF(C$4:C$31,H5,D$4:D$31) -> 31 | J5: =IFERROR(AVERAGEIF(C$4:C$31,H5,F$4:F$31),0) -> 24.455411
B6: Russia | C6: Europe | D6: 7 | E6: 205 | F6: =IFERROR(E6/D6,0) -> 29.285714 | H6: South America | I6: =SUMIF(C$4:C$31,H6,D$4:D$31) -> 16 | J6: =IFERROR(AVERAGEIF(C$4:C$31,H6,F$4:F$31),0) -> 26.5625
B7: UK | C7: Europe | D7: 7 | E7: 139 | F7: =IFERROR(E7/D7,0) -> 19.857143 | H7: Asia | I7: =SUMIF(C$4:C$31,H7,D$4:D$31) -> 1 | J7: =IFERROR(AVERAGEIF(C$4:C$31,H7,F$4:F$31),0) -> 23
B8: Netherlands | C8: Europe | D8: 5 | E8: 181 | F8: =IFERROR(E8/D8,0) -> 36.2 | H8: Oceania | I8: =SUMIF(C$4:C$31,H8,D$4:D$31) -> 4 | J8: =IFERROR(AVERAGEIF(C$4:C$31,H8,F$4:F$31),0) -> 17.333333
B9: Mexico | C9: North America | D9: 4 | E9: 67 | F9: =IFERROR(E9/D9,0) -> 16.75 | H9: Africa | I9: =SUMIF(C$4:C$31,H9,D$4:D$31) -> 2 | J9: =IFERROR(AVERAGEIF(C$4:C$31,H9,F$4:F$31),0) -> 20.5
B10: Poland | C10: Europe | D10: 3 | E10: 66 | F10: =IFERROR(E10/D10,0) -> 22
B11: France | C11: Europe | D11: 3 | E11: 38 | F11: =IFERROR(E11/D11,0) -> 12.666667
B12: Australia | C12: Oceania | D12: 3 | E12: 65 | F12: =IFERROR(E12/D12,0) -> 21.666667
B13: 🔍 VLOOKUP DEMO — Fighter Lookup by Name
B14: Lookup Fighter: | C14: Jon Jones | D14: 2 | E14: 38 | F14: =IFERROR(E14/D14,0) -> 19
B15: Country | C15: =IFERROR(VLOOKUP(C14,'🥊 Fighters Database'!B3:J119,2,0),"Not found") -> USA | D15: 2 | E15: 31 | F15: =IFERROR(E15/D15,0) -> 15.5
B16: Continent | C16: =IFERROR(VLOOKUP(C14,'🥊 Fighters Database'!B3:J119,3,0),"Not found") -> North America | D16: 2 | E16: 48 | F16: =IFERROR(E16/D16,0) -> 24
B17: Stance | C17: =IFERROR(VLOOKUP(C14,'🥊 Fighters Database'!B3:J119,4,0),"Not found") -> Orthodox | D17: 2 | E17: 41 | F17: =IFERROR(E17/D17,0) -> 20.5
B18: Hand | C18: =IFERROR(VLOOKUP(C14,'🥊 Fighters Database'!B3:J119,5,0),"Not found") -> Right | D18: 2 | E18: 38 | F18: =IFERROR(E18/D18,0) -> 19
B19: Wins | C19: =IFERROR(VLOOKUP(C14,'🥊 Fighters Database'!B3:J119,6,0),"Not found") -> 27 | D19: 1 | E19: 22 | F19: =IFERROR(E19/D19,0) -> 22
B20: Losses | C20: =IFERROR(VLOOKUP(C14,'🥊 Fighters Database'!B3:J119,7,0),"Not found") -> 1 | D20: 1 | E20: 29 | F20: =IFERROR(E20/D20,0) -> 29
B21: Win Rate% | C21: =IFERROR(VLOOKUP(C14,'🥊 Fighters Database'!B3:J119,9,0),"Not found") -> 96.428571 | D21: 1 | E21: 34 | F21: =IFERROR(E21/D21,0) -> 34
B22: Croatia | C22: Europe | D22: 1 | E22: 38 | F22: =IFERROR(E22/D22,0) -> 38
B23: Ukraine | C23: Europe | D23: 1 | E23: 30 | F23: =IFERROR(E23/D23,0) -> 30
B24: Ireland | C24: Europe | D24: 1 | E24: 22 | F24: =IFERROR(E24/D24,0) -> 22
B25: Denmark | C25: Europe | D25: 1 | E25: 20 | F25: =IFERROR(E25/D25,0) -> 20
B26: Germany | C26: Europe | D26: 1 | E26: 22 | F26: =IFERROR(E26/D26,0) -> 22
B27: Nigeria | C27: Africa | D27: 1 | E27: 24 | F27: =IFERROR(E27/D27,0) -> 24
B28: Cameroon | C28: Africa | D28: 1 | E28: 17 | F28: =IFERROR(E28/D28,0) -> 17
B29: New Zealand | C29: Oceania | D29: 1 | E29: 13 | F29: =IFERROR(E29/D29,0) -> 13
B30: Kyrgyzstan | C30: Asia | D30: 1 | E30: 23 | F30: =IFERROR(E30/D30,0) -> 23
B31: Belgium | C31: Europe | D31: 1 | E31: 17 | F31: =IFERROR(E31/D31,0) -> 17

Sheet ⭐ Southpaw Right-Handed
B1: ⭐ SPOTLIGHT: RIGHT-HANDED SOUTHPAW FIGHTERS — THE RARE COMBINATION
B2: # | C2: Fighter | D2: Country | E2: Continent | F2: Wins | G2: Losses | H2: Total | I2: Win Rate % | K2: MY GROUP STATS
B3: 1 | C3: Sean O'Malley | D3: USA | E3: North America | F3: 17 | G3: 1 | H3: =F3+G3 -> 18 | I3: =IF(H3>0,F3/H3*100,0) -> 94.444444 | K3: Fighters | L3: =COUNTA(C3:C15) -> 13
B4: 2 | C4: Israel Adesanya | D4: Nigeria | E4: Africa | F4: 24 | G4: 3 | H4: =F4+G4 -> 27 | I4: =IF(H4>0,F4/H4*100,0) -> 88.888889 | K4: % of Dataset | L4: =COUNTA(C3:C15)/117 -> 0.11111111
B5: 3 | C5: Sergio Pettis | D5: USA | E5: North America | F5: 21 | G5: 5 | H5: =F5+G5 -> 26 | I5: =IF(H5>0,F5/H5*100,0) -> 80.769231 | K5: Mean Win Rate | L5: =AVERAGE(I3:I15) -> 77.92165
B6: 4 | C6: Cory Sandhagen | D6: USA | E6: North America | F6: 16 | G6: 4 | H6: =F6+G6 -> 20 | I6: =IF(H6>0,F6/H6*100,0) -> 80 | K6: Max Win Rate | L6: =MAX(I3:I15) -> 94.444444
B7: 5 | C7: Yair Rodriguez | D7: Mexico | E7: North America | F7: 15 | G7: 4 | H7: =F7+G7 -> 19 | I7: =IF(H7>0,F7/H7*100,0) -> 78.947368 | K7: Min Win Rate | L7: =MIN(I3:I15) -> 62.857143
B8: 6 | C8: Conor McGregor | D8: Ireland | E8: Europe | F8: 22 | G8: 6 | H8: =F8+G8 -> 28 | I8: =IF(H8>0,F8/H8*100,0) -> 78.571429 | K8: vs Orthodox Right | L8: =AVERAGE(I3:I15)-AVERAGEIFS('🥊 Fighters Database'!J3:J119,'🥊 Fighters Database'!E3:E119,"Orthodox",'🥊 Fighters Database'!F3:F119,"Right") -> -0.28311072
B9: 7 | C9: Dustin Poirier | D9: USA | E9: North America | F9: 29 | G9: 8 | H9: =F9+G9 -> 37 | I9: =IF(H9>0,F9/H9*100,0) -> 78.378378 | K9: vs Trad Southpaw | L9: =AVERAGE(I3:I15)-AVERAGEIFS('🥊 Fighters Database'!J3:J119,'🥊 Fighters Database'!E3:E119,"Southpaw",'🥊 Fighters Database'!F3:F119,"Left") -> 0.7937419
B10: 8 | C10: Darren Till | D10: UK | E10: Europe | F10: 18 | G10: 5 | H10: =F10+G10 -> 23 | I10: =IF(H10>0,F10/H10*100,0) -> 78.26087
B11: 9 | C11: Nassourdine Imavov | D11: France | E11: Europe | F11: 14 | G11: 4 | H11: =F11+G11 -> 18 | I11: =IF(H11>0,F11/H11*100,0) -> 77.777778
B12: 10 | C12: TJ Dillashaw | D12: USA | E12: North America | F12: 17 | G12: 5 | H12: =F12+G12 -> 22 | I12: =IF(H12>0,F12/H12*100,0) -> 77.272727
B13: 11 | C13: Martin Kampmann | D13: Denmark | E13: Europe | F13: 20 | G13: 8 | H13: =F13+G13 -> 28 | I13: =IF(H13>0,F13/H13*100,0) -> 71.428571
B14: 12 | C14: Uriah Hall | D14: Jamaica | E14: North America | F14: 17 | G14: 9 | H14: =F14+G14 -> 26 | I14: =IF(H14>0,F14/H14*100,0) -> 65.384615
B15: 13 | C15: Dennis Siver | D15: Germany | E15: Europe | F15: 22 | G15: 13 | H15: =F15+G15 -> 35 | I15: =IF(H15>0,F15/H15*100,0) -> 62.857143
